feature,threshold,direction,auc_roc,auc_pr,precision,recall,f1,f2,n_test,source
rdw,15.0,above,0.5807,0.1436,0.1481,0.2854,0.195,0.2407,29159,"Elevated RDW can indicate increased red blood cell production variability, which may be seen in early stages of Type 2 Diabetes."
hgb,11.0,below,0.5348,0.1321,0.1427,0.4241,0.2135,0.3041,29197,Anemia (low Hgb) is a common complication of Type 2 Diabetes due to factors like impaired erythropoiesis and increased red blood cell destruction.
hct,33.0,below,0.5496,0.138,0.1494,0.431,0.2219,0.313,29195,Anemia (low Hct) is a common complication of Type 2 Diabetes due to factors like impaired erythropoiesis and increased red blood cell destruction.
wbc,12.0,above,0.4966,0.1239,0.1183,0.1984,0.1482,0.1747,29174,"Elevated WBC count can indicate infection or inflammation, which may be associated with Type 2 Diabetes."
plt,400.0,above,0.5,0.1275,0.1191,0.0463,0.0667,0.0528,29145,"Thrombocytosis (high platelet count) can be associated with Type 2 Diabetes, potentially due to increased platelet activation."
mcv,80.0,below,0.5643,0.1492,0.1506,0.0587,0.0845,0.0669,29166,"Microcytosis (low MCV) can be seen in iron deficiency anemia, which is a common complication of Type 2 Diabetes."
mch,25.0,below,0.5241,0.1323,0.1172,0.0404,0.0601,0.0465,29166,"Low MCH indicates smaller red blood cells, which can be seen in iron deficiency anemia, a common complication of Type 2 Diabetes."
mchc,30.0,below,0.439,0.1087,0.0759,0.0164,0.027,0.0195,29167,"Low MCHC indicates decreased hemoglobin concentration in red blood cells, which can be seen in iron deficiency anemia, a common complication of Type 2 Diabetes."
rbc,4.0,below,0.5257,0.1304,0.1391,0.6139,0.2268,0.3648,29166,Anemia (low RBC count) is a common complication of Type 2 Diabetes due to factors like impaired erythropoiesis and increased red blood cell destruction.
